{"a": 0.17555, "b": 0.19774, "rho": -0.06}